,rr.MI,rr.ST,c.W
140,0.86,0.89,0.073434524
150,0.755,0.805,0.276791667
160,0.595,0.665,0.779535714
170,0.505,0.585,1.118464286
180,0.44,0.53,1.491285714
