,rr.MI,rr.ST,c.W
140,0.81,0.74,0.451904762
150,0.675,0.575,1.268809524
160,0.485,0.355,4.240952381
170,0.39,0.255,7.821428571
180,0.32,0.2,10.42857143
