,rr.MI,rr.ST,c.W
140,0.81,0.75,0.451904762
150,0.685,0.595,1.268809524
160,0.495,0.375,4.240952381
170,0.4,0.275,7.821428571
180,0.33,0.22,10.42857143
