,rr.MI,rr.ST,c.W
140,0.915,0.89,0.451904762
150,0.855,0.815,1.268809524
160,0.7675,0.7125,4.240952381
170,0.72,0.66,7.821428571
180,0.69,0.63,10.42857143
