,rr.MI,rr.ST,c.W
140,0.89,0.89,0.451904762
150,0.805,0.805,1.268809524
160,0.665,0.665,4.240952381
170,0.585,0.585,7.821428571
180,0.53,0.53,10.42857143
