,rr.MI,rr.ST,c.W
140,0.83,0.78,0.451904762
150,0.71,0.63,1.268809524
160,0.535,0.425,4.240952381
170,0.44,0.32,7.821428571
180,0.38,0.26,10.42857143
