,rr.MI,rr.ST,c.W
140,0.915,0.89,0.073434524
150,0.855,0.815,0.276791667
160,0.7675,0.7125,0.779535714
170,0.72,0.66,1.118464286
180,0.69,0.63,1.491285714
