,rr.MI,rr.ST,c.W
140,0.81,0.74,0.073434524
150,0.675,0.575,0.276791667
160,0.485,0.355,0.779535714
170,0.39,0.255,1.118464286
180,0.32,0.2,1.491285714
