,rr.MI,rr.ST,c.W
140,0.89,0.89,0.073434524
150,0.805,0.805,0.276791667
160,0.665,0.665,0.779535714
170,0.585,0.585,1.118464286
180,0.53,0.53,1.491285714
