,rr.MI,rr.ST,c.W
140,0.83,0.78,0.073434524
150,0.71,0.63,0.276791667
160,0.535,0.425,0.779535714
170,0.44,0.32,1.118464286
180,0.38,0.26,1.491285714
