,rr.MI,rr.ST,c.W
140,0.81,0.75,0.073434524
150,0.685,0.595,0.276791667
160,0.495,0.375,0.779535714
170,0.4,0.275,1.118464286
180,0.33,0.22,1.491285714
